t_ms,ax_g,ay_g,az_g,gx_dps,gy_dps,gz_dps
38205,-0.0845,-0.3174,1.1216,-12.88,76.23,30.52
38217,-0.2964,-0.2432,0.8013,15.56,93.93,46.63
38230,-0.2432,-0.0908,0.9756,-1.04,89.17,37.96
38243,-0.2676,-0.1392,0.8677,17.15,83.25,42.97
38255,-0.3027,-0.2876,1.3442,51.45,12.88,16.91
38268,-0.3057,-0.2021,1.0283,91.00,-36.74,-10.01
38281,-0.2852,-0.1895,0.9814,71.17,-15.08,2.93
38293,-0.3003,-0.0840,1.0703,72.51,-15.14,6.90
38306,-0.3159,-0.0728,0.8818,113.40,2.99,9.77
38319,-0.3423,0.0190,0.7563,149.17,65.86,37.72
38332,-0.3916,-0.1274,1.5132,147.58,16.17,30.76
38344,-0.3389,-0.1265,1.3892,96.37,-55.66,10.99
38357,-0.3037,-0.0088,0.9380,95.03,-75.87,4.82
38370,-0.2520,-0.0107,0.8945,60.42,-67.38,3.36
38382,-0.2490,0.0571,0.9590,63.84,-74.77,-0.92
38395,-0.2227,0.1167,0.8208,76.11,-63.78,2.62
38408,-0.1846,0.0991,0.8457,71.41,-49.93,5.80
38420,-0.1768,0.1064,0.9326,54.69,-48.89,0.06
38433,-0.1846,0.1138,0.9541,51.51,-47.91,0.06
38446,-0.1777,0.1104,0.9194,44.13,-49.74,1.10
38458,-0.1631,0.1963,0.8711,35.46,-47.36,0.18
38471,-0.1343,0.2666,0.7739,24.48,-38.02,5.19
38484,-0.1016,0.2949,0.7363,12.94,-27.22,6.65
38497,-0.0688,0.3120,0.6377,-18.55,-16.48,13.98
38509,-0.0464,0.2974,0.6479,-38.45,-4.46,13.67
38522,-0.0547,0.2949,0.6274,-48.22,7.32,11.60
38535,-0.0396,0.3081,0.5791,-75.62,28.99,17.15
38547,-0.0581,0.2788,0.5693,-78.55,42.05,18.74
38560,-0.0957,0.1494,0.5112,-107.18,63.17,17.58
38573,-0.0977,0.0151,0.5386,-105.71,84.96,5.92
38585,-0.1411,-0.1177,0.4136,-98.02,108.70,-0.55
38598,-0.1963,-0.1543,0.4585,-99.61,139.95,-16.11
38611,-0.2769,-0.1426,0.5986,-119.63,170.53,-21.00
38624,-0.4033,0.4346,1.0332,-125.43,204.53,22.89
38636,-0.4819,-0.1987,1.9653,-280.09,97.41,-75.01
38649,-0.4849,-0.7202,-0.7754,-223.51,-296.63,-170.96
38662,-0.4771,-0.1787,1.4438,-81.97,-146.36,-34.73
38674,-0.5557,0.2466,0.3120,9.22,41.44,16.05
38687,-0.1997,-0.2080,1.8979,61.58,67.69,47.12
38700,-0.3096,-0.4072,1.0859,51.76,29.60,21.06
38712,-0.3345,0.0659,0.6772,82.89,95.89,58.59
38725,-0.3481,-0.4316,1.5430,169.31,88.68,38.51
38738,-0.3179,-0.1562,1.3809,135.80,-55.73,2.38
38750,-0.3125,0.1152,0.8203,107.48,-68.48,-5.62
38763,-0.2842,0.0352,1.0034,113.77,-61.28,11.96
38776,-0.2476,-0.0327,1.0234,85.14,-73.79,8.12
38789,-0.2441,0.0332,0.9419,82.82,-76.11,9.16
38801,-0.2261,0.0283,0.9121,71.11,-71.84,7.57
38814,-0.2002,0.0586,0.8672,62.32,-68.05,4.09
38827,-0.2036,0.0303,0.8535,66.10,-65.12,-5.07
38839,-0.1602,0.1172,0.8462,63.54,-65.55,-2.69
38852,-0.1138,0.0483,0.7979,15.62,-57.92,-1.04
38865,-0.1113,0.1226,0.7744,4.27,-48.40,-4.88
38877,-0.1001,0.1724,0.7173,21.36,-33.63,-3.23
38890,-0.0776,0.1675,0.8447,23.44,-23.13,-2.38
38903,-0.0806,0.1670,0.8818,18.55,-17.94,-2.01
38916,-0.0874,0.1436,0.8774,17.52,-12.76,-3.05
38928,-0.0889,0.2007,0.9277,20.94,-10.80,-3.05
38941,-0.0977,0.2051,0.9639,28.75,-10.38,-0.06
38954,-0.0889,0.1929,0.9526,41.93,-2.87,1.59
38966,-0.0864,0.1865,0.9185,24.60,-6.53,5.49
38979,-0.1548,0.1738,1.2363,38.21,-2.93,0.24
38992,-0.0918,0.1577,0.9868,26.43,-4.64,2.32
39004,-0.0830,0.1201,0.9902,6.59,-8.42,-8.48
39017,-0.0811,0.1807,0.8599,-8.61,-5.55,0.31
39030,-0.1074,0.1475,0.9229,-11.05,-2.99,-5.43
39042,-0.0938,0.2163,0.9321,4.15,-3.60,-4.70
39055,-0.0952,0.1938,0.9209,10.31,3.54,-1.22
39068,-0.0859,0.2065,0.9385,16.24,5.13,-1.83
39081,-0.0947,0.2329,0.9663,8.85,6.23,-1.34
39093,-0.1123,0.2441,1.0571,11.23,1.10,2.38
39106,-0.1084,0.2148,1.0503,-3.23,-2.99,6.10
39119,-0.0981,0.2324,0.9814,2.99,-7.02,6.41
39131,-0.0806,0.2373,0.9214,1.16,-4.94,8.18
39144,-0.0830,0.1655,0.8867,-11.05,-1.22,5.74
39157,-0.0835,0.1631,0.8853,-8.42,3.54,2.20
39169,-0.0840,0.1782,0.9277,-8.67,6.59,0.55
39182,-0.0942,0.1943,0.9556,-14.34,8.79,-0.79
39195,-0.1016,0.2056,0.9575,-1.22,9.16,0.12
39208,-0.0938,0.1943,0.9678,-11.17,9.40,0.18
39220,-0.0977,0.2163,0.9331,-13.06,8.30,0.00
39233,-0.0991,0.2241,0.9238,-8.24,11.11,1.71
39246,-0.1099,0.2275,0.9673,-5.25,12.45,3.42
39258,-0.1128,0.2017,1.0044,1.34,11.96,6.35
39271,-0.1270,0.1665,0.9868,-3.42,11.17,5.43
39284,-0.1226,0.1729,1.0127,-4.88,6.47,4.21
39296,-0.1245,0.1558,0.9961,-6.77,4.33,2.32
39309,-0.1245,0.1675,0.9648,-8.24,5.07,1.59
39322,-0.1260,0.2041,0.9561,-3.23,4.82,1.95
39334,-0.1216,0.1855,0.9404,3.91,8.00,2.93
39347,-0.1211,0.2090,1.0078,-6.04,6.04,4.21
39360,-0.1313,0.2178,0.9961,-9.16,5.07,6.41
39373,-0.1338,0.1895,0.9893,-11.54,5.25,7.02
39385,-0.1284,0.1890,0.9902,-20.20,0.43,6.71
39398,-0.1255,0.1636,0.9243,-9.46,-1.16,6.41
39411,-0.1226,0.1465,0.8853,-11.23,4.15,6.90
39423,-0.1133,0.1597,0.8423,-18.07,9.83,5.25
39436,-0.1025,0.1777,0.8403,-42.05,16.66,4.52
39449,-0.0918,0.2446,0.7065,-56.76,23.99,8.48
39461,-0.0703,0.1875,0.6011,-110.47,40.34,9.95
39474,-0.0825,0.1362,0.4634,-108.95,58.90,5.25
39487,-0.0859,0.0288,0.3828,-96.92,88.13,-2.32
39500,-0.1313,-0.1157,0.3022,-86.43,127.26,-13.85
39512,-0.2070,-0.2061,0.4531,-98.02,173.77,-23.50
39525,-0.3110,-0.1016,0.3433,-109.25,222.23,-27.77
39538,-0.4375,-0.5649,1.9136,-366.03,207.64,-25.63
39550,-0.9136,-0.7529,6.1782,-645.32,-353.52,-120.79
39563,-0.8628,1.0493,1.7129,101.81,-260.50,-232.97
39576,-0.5674,-0.1143,0.3882,140.75,-57.50,-64.70
39588,-0.1128,0.0044,1.2432,-0.55,37.11,42.54
39601,-0.2344,-0.3677,1.1372,111.94,90.64,70.68
39614,-0.3657,-0.4902,1.2749,46.57,116.58,61.58
39626,-0.3564,-0.2349,1.0737,66.53,129.52,70.43
39639,-0.3740,-0.3315,1.8433,222.72,96.13,61.16
39652,-0.4487,-0.0308,1.2954,237.55,-82.09,-8.00
39665,-0.2734,0.0264,0.8682,206.91,-77.88,27.22
39677,-0.2969,-0.2476,1.0278,120.61,-67.08,42.66
39690,-0.2378,-0.1450,1.1328,30.58,-97.05,27.47
39703,-0.2861,-0.0220,0.9292,23.25,-107.42,17.09
39715,-0.2285,0.0322,0.9424,28.87,-99.18,10.19
39728,-0.1709,0.0664,0.8711,26.73,-92.35,2.20
39741,-0.1416,0.1367,0.6675,12.02,-96.50,-0.31
39753,-0.1162,0.1592,0.6260,35.03,-82.40,-7.93
39766,-0.0522,0.2124,0.5986,38.27,-69.09,-10.38
39779,-0.0098,0.2397,0.2520,88.56,-51.51,-16.48
39791,-0.0771,0.2476,0.8696,54.87,5.37,0.00
39804,-0.0415,0.2769,0.7749,49.87,12.21,9.83
39817,-0.0098,0.2461,0.7085,9.22,9.52,-0.12
39830,0.0034,0.2583,0.5015,-39.37,20.39,-3.91
39842,-0.0264,0.2983,0.5581,-58.35,39.49,-5.92
39855,-0.0415,0.2910,0.5288,-41.56,63.84,-4.21
39868,-0.0537,0.1641,0.4756,-42.97,91.80,-6.47
39880,-0.0698,0.0420,0.4531,-63.23,117.19,-14.34
39893,-0.1191,-0.0693,0.3945,-97.66,146.61,-26.31
39906,-0.1895,-0.0967,0.3628,-154.36,196.96,-33.02
39918,-0.2676,-0.0508,0.5933,-214.90,231.20,-18.19
39931,-0.3008,-0.8447,1.5859,-401.49,189.21,-16.91
39944,-1.0771,-1.0088,9.0630,-624.15,-445.74,-34.42
39957,-0.8525,0.9111,-0.3091,-14.53,-309.94,-196.47
39969,-0.5229,-0.1665,0.2876,112.98,-83.31,-64.51
39982,-0.2119,-0.2803,1.3281,-41.14,55.48,23.93
39995,-0.2588,-0.1812,1.3345,106.08,83.98,56.88
40007,-0.3164,-0.4355,1.3555,79.83,81.60,45.17
40020,-0.3267,-0.0898,0.6504,84.35,149.48,74.28
40033,-0.4595,-0.0405,0.9399,116.46,179.57,89.78
40045,-0.3813,-0.4629,2.0249,189.39,-39.73,15.87
40058,-0.2656,-0.1123,0.9907,108.22,-106.75,5.55
40071,-0.2856,-0.0474,0.7744,36.99,-68.85,21.24
40083,-0.2515,-0.0547,1.0791,14.16,-83.62,8.06
40096,-0.2603,0.0156,0.8750,10.62,-97.72,0.55
40109,-0.2407,0.0356,0.7939,47.18,-77.82,-3.23
40122,-0.1660,0.1006,0.8398,60.06,-72.57,0.49
40134,-0.1343,0.0693,0.7158,51.45,-61.89,3.11
40147,-0.0854,0.0874,0.6587,51.27,-53.53,0.55
40160,-0.0908,0.1406,0.6562,33.39,-35.46,8.54
40172,-0.0581,0.1562,0.7344,-4.70,-18.74,6.65
40185,-0.0420,0.1509,0.5781,-21.97,-2.01,4.58
40198,-0.0342,0.1670,0.5439,-33.20,19.47,7.08
40210,-0.0449,0.0981,0.5684,-43.64,43.27,3.91
40223,-0.0693,0.0449,0.5435,-55.24,61.71,-2.81
40236,-0.1060,0.0117,0.4390,-65.73,89.60,-5.25
40249,-0.1689,-0.0464,0.4062,-74.95,125.92,-9.83
40261,-0.1953,-0.0532,0.4263,-74.04,160.34,-13.55
40274,-0.2671,-0.0913,0.4790,-110.78,202.03,-12.57
40287,-0.3354,-0.8647,1.4980,-298.28,188.54,-30.21
40299,-1.4907,-0.7734,5.9229,-331.67,-379.94,-80.87
40312,-0.9277,0.1118,1.1606,-41.87,-298.52,-147.09
40325,-0.1377,-0.0308,1.7808,-118.71,-115.11,-10.31
40337,-0.3218,-0.1484,1.0439,15.32,92.53,51.39
40350,-0.2417,-0.4854,1.9224,140.38,59.14,32.71
40363,-0.2935,-0.2236,0.9180,131.59,62.87,52.19
40375,-0.3818,-0.0596,0.6982,134.22,159.48,92.71
40388,-0.3369,-0.0889,1.2798,175.84,164.67,97.17
40401,-0.3926,-0.4038,1.8560,58.41,-86.24,17.46
40414,-0.3022,0.0015,0.7417,45.10,-156.25,-18.55
40426,-0.2739,0.0581,0.6689,33.51,-108.76,-6.16
40439,-0.2183,0.0244,0.8311,40.71,-99.91,-9.77
40452,-0.1997,0.0815,0.7378,76.48,-97.23,-21.30
40464,-0.1118,0.1729,0.5854,73.30,-76.90,-10.07
40477,-0.0659,0.2402,0.4053,117.19,-44.56,4.03
40490,-0.1074,0.1680,0.7749,42.48,-23.01,18.74
40502,-0.0449,0.1694,0.7026,17.46,-28.75,8.54
40515,-0.0400,0.1646,0.5498,1.34,-8.24,7.51
40528,-0.0342,0.1338,0.5518,-20.75,20.20,8.12
40541,-0.0347,0.1318,0.5288,-27.22,41.81,3.60
40553,-0.0503,0.1162,0.5151,-47.97,65.92,0.49
40566,-0.0938,-0.0024,0.4521,-44.25,90.94,-5.55
40579,-0.1050,-0.0405,0.4160,-81.05,123.11,-15.01
40591,-0.1689,-0.0522,0.3433,-96.01,167.85,-18.80
40604,-0.2500,-0.0703,0.4707,-107.06,216.74,-20.81
40617,-0.3130,0.2339,1.6909,-275.45,217.29,-0.73
40629,-0.5840,-0.6514,7.4463,198.91,-278.14,-88.87
40642,-0.8018,-0.4629,0.3413,7.02,-282.47,-187.68
40655,-0.3926,-0.0537,1.0581,-2.01,-126.04,-70.56
40667,-0.3491,-0.3101,1.4634,-65.98,45.53,15.62
40680,-0.4004,-0.4092,1.7075,86.12,46.45,36.32
40693,-0.3237,-0.1333,1.1777,99.61,46.51,39.92
40706,-0.3555,-0.0508,0.6826,98.39,136.66,80.20
40718,-0.4160,-0.1816,0.8774,223.33,162.54,101.93
40731,-0.4258,-0.4136,2.3237,141.85,-61.71,28.20
40744,-0.3252,-0.0488,0.9951,95.09,-159.48,-0.12
40756,-0.2764,0.0229,0.5415,10.25,-110.23,6.96
40769,-0.2197,0.0483,0.8135,-7.20,-99.18,4.21
40782,-0.2314,0.0723,0.6943,14.04,-91.55,-7.87
40794,-0.1899,0.1812,0.7690,51.39,-75.20,-5.68
40807,-0.1597,0.1870,0.8574,101.93,-62.44,5.25
40820,-0.1675,0.1572,0.9233,133.06,-45.90,13.85
40833,-0.1118,0.0625,0.9297,88.56,-52.43,15.93
40845,-0.0879,0.0854,0.8623,83.19,-58.84,3.11
40858,-0.0581,0.1904,0.7612,58.84,-48.77,9.16
40871,-0.0381,0.2261,0.6890,26.86,-28.99,12.51
40883,-0.0830,0.1313,0.9902,42.72,-10.86,14.77
40896,-0.0630,0.1836,0.9106,31.49,-16.54,13.61
40909,-0.0532,0.1460,0.7847,21.12,-8.54,5.43
40921,-0.0317,0.1211,0.8174,-8.91,-0.61,2.32
40934,-0.0542,0.0986,0.8486,-19.17,8.36,-6.35
40947,-0.0693,0.1406,0.8887,-19.96,15.26,-10.56
40959,-0.0791,0.2104,0.9878,-14.83,17.94,-8.06
40972,-0.1182,0.2104,1.0200,-6.16,21.00,-4.64
40985,-0.1396,0.2046,1.1099,6.59,17.88,-0.98
40998,-0.1499,0.2197,1.1792,8.67,4.09,1.65
41010,-0.1338,0.2090,1.0723,15.14,-11.72,3.48
41023,-0.1118,0.1465,0.9126,-10.62,-12.57,1.65
41036,-0.0962,0.1650,0.8315,-18.62,-5.80,-1.53
41048,-0.0928,0.2100,0.7642,-34.48,5.86,0.61
41061,-0.0874,0.2456,0.7563,-48.65,15.75,1.59
41074,-0.0918,0.1714,0.6641,-73.12,31.19,6.47
41086,-0.0640,0.1670,0.5947,-91.86,49.44,3.78
41099,-0.0776,0.1719,0.3750,-87.04,72.88,1.53
41112,-0.0708,0.0352,0.3892,-76.97,105.59,-9.83
41125,-0.1064,-0.0693,0.2593,-59.81,132.81,-23.32
41137,-0.1851,-0.0454,0.3398,-57.80,177.92,-34.18
41150,-0.2891,-0.1055,0.4370,-97.05,234.44,-33.57
41163,-0.3115,-0.5864,1.9053,-296.08,243.71,-17.94
41175,-1.0186,-0.8208,6.2725,231.02,-314.58,-66.41
41188,-0.7031,-0.0044,-0.2441,-48.40,-294.19,-204.65
41201,-0.5054,-0.3096,0.8643,8.42,-124.45,-58.78
41213,-0.4570,-0.3140,1.3242,-38.33,51.39,13.12
41226,-0.3862,-0.2554,1.9624,94.12,36.19,48.10
41239,-0.4224,-0.1157,1.1113,146.00,26.79,48.22
41251,-0.3735,-0.0024,0.6304,103.64,105.71,80.81
41264,-0.2866,-0.2856,1.8066,166.26,65.25,93.87
41277,-0.2544,-0.2349,1.0234,51.21,-131.04,5.86
41290,-0.2500,0.0259,0.5107,18.80,-107.54,5.62
41302,-0.2192,-0.0103,0.8374,2.93,-85.21,4.58
41315,-0.2363,0.1108,0.8984,26.98,-85.14,-0.92
41328,-0.2358,0.0161,0.9668,47.49,-76.23,-1.83
41340,-0.2065,0.0425,1.0479,60.00,-85.57,-3.66
41353,-0.1719,0.0376,0.9053,84.90,-92.59,1.46
41366,-0.0757,0.0596,0.7168,119.02,-88.01,-10.19
41378,-0.0972,0.0645,0.6431,59.51,-74.22,-8.18
41391,-0.0249,0.1797,0.6235,67.81,-54.99,-6.41
41404,-0.0083,0.2173,0.5483,52.12,-28.14,5.62
41416,0.0093,0.1729,0.6528,11.23,-2.20,6.71
41429,0.0264,0.1357,0.5869,-15.93,10.13,-4.21
41442,0.0093,0.1709,0.5425,-31.25,32.78,-8.97
41455,0.0005,0.1548,0.5220,-36.56,59.27,-13.00
41467,-0.0571,0.1191,0.4941,-29.36,89.54,-15.38
41480,-0.0786,0.0903,0.4302,-39.61,122.13,-21.48
41493,-0.1299,0.0576,0.4180,-84.90,153.38,-26.79
41505,-0.1963,-0.0137,0.3394,-101.62,201.48,-26.86
41518,-0.2837,-0.0513,0.4214,-125.37,249.15,-33.63
41531,-0.5527,0.3970,0.5186,-125.31,277.83,-9.40
41543,-0.5654,0.0098,1.8394,-343.20,60.49,7.75
41556,-0.1841,-1.6226,-0.3574,-213.13,-375.43,-294.56
41569,-0.3716,0.2559,1.1953,-24.23,-177.00,-63.90
41582,-0.4102,-0.1348,0.8638,-91.13,40.77,20.69
41594,-0.4170,-0.2007,1.8936,150.33,55.97,52.06
41607,-0.3022,-0.3359,1.2119,90.09,44.49,54.20
41620,-0.3936,-0.1152,0.4312,98.08,148.62,92.90
41632,-0.4229,-0.0249,1.1421,96.80,151.31,113.40
41645,-0.4727,-0.4502,1.9526,135.13,-65.80,18.37
41658,-0.3345,-0.0044,0.8311,92.77,-107.30,5.25
41670,-0.3096,0.0854,0.8540,42.54,-78.25,22.09
41683,-0.2778,0.0366,1.0811,15.56,-102.11,11.41
41696,-0.2676,0.0757,0.9683,25.94,-121.15,5.19
41708,-0.2456,0.0493,0.8169,70.98,-103.21,-8.18
41721,-0.1777,0.1099,0.8369,108.22,-91.55,-2.38
41734,-0.1191,0.0713,0.7749,112.67,-74.52,10.13
41747,-0.1631,0.0225,1.0044,106.26,-60.61,19.04
41759,-0.1060,0.0972,0.8721,78.74,-52.43,18.25
41772,-0.0952,0.1523,0.9272,46.75,-57.92,8.73
41785,-0.0615,0.2285,0.7764,53.34,-55.79,14.34
41797,-0.0649,0.2222,0.7441,64.27,-28.20,20.08
41810,-0.0439,0.2046,0.7437,65.55,-21.79,14.40
41823,-0.0703,0.1543,0.9116,38.51,-24.35,7.57
41835,-0.0332,0.2246,0.7710,44.31,-11.78,5.31
41848,-0.0322,0.2129,0.8423,43.09,-4.39,4.27
41861,-0.0259,0.1558,0.8276,3.85,4.64,-0.43
41874,-0.0376,0.1675,0.8535,-16.42,9.09,-7.51
41886,-0.0488,0.2324,0.8467,-21.12,15.62,-9.09
41899,-0.0654,0.2432,0.9092,-19.04,20.81,-7.32
41912,-0.0698,0.2183,0.8613,-32.71,28.26,-4.64
41924,-0.0835,0.1860,0.8765,-54.20,35.46,-6.65
41937,-0.0913,0.2456,0.7573,-88.01,39.67,-6.16
41950,-0.0967,0.2534,0.6987,-99.49,48.65,-3.36
41962,-0.1147,0.1934,0.5068,-70.37,70.25,-3.85
41975,-0.0820,0.0688,0.4150,-65.55,96.56,-8.54
41988,-0.1104,-0.0269,0.3086,-69.09,129.15,-25.70
42000,-0.1133,0.0029,0.2993,-73.79,163.39,-36.38
42013,-0.2310,-0.0352,0.2461,-91.37,218.75,-39.31
42026,-0.4541,0.3164,1.0283,-105.41,280.94,-23.07
42039,-0.5405,-0.0825,2.3525,-426.33,138.24,-23.86
42051,-0.0908,-2.1152,-0.8101,-477.29,-414.73,-242.92
42064,-0.7827,-0.0674,2.8286,-244.51,-254.39,-85.39
42077,-0.5356,-0.1060,0.2690,88.26,76.35,7.08
42089,-0.2993,-0.0386,2.5767,177.49,58.53,84.72
42102,-0.3174,-0.6143,0.8672,123.90,23.32,42.48
42115,-0.3867,0.0005,0.4712,91.92,158.02,97.23
42127,-0.4463,0.0972,1.1958,129.76,223.33,129.15
42140,-0.4517,-0.7358,2.2329,194.21,-48.95,44.49
42153,-0.3315,-0.0933,0.7183,112.37,-146.12,-0.85
42166,-0.2432,0.1201,0.5889,55.48,-89.90,19.53
42178,-0.2153,0.0352,0.8164,37.72,-81.54,14.10
42191,-0.2266,0.1147,0.8965,37.23,-82.40,9.70
42204,-0.2300,0.0898,1.0630,38.51,-77.33,-2.93
42216,-0.2070,0.0967,1.0020,41.87,-91.61,2.56
42229,-0.1587,0.1074,0.8721,69.52,-97.53,7.69
42242,-0.1572,0.0479,0.9668,62.01,-81.12,8.97
42254,-0.0986,0.0674,0.7705,47.18,-82.15,-3.54
42267,-0.0747,0.2095,0.7681,62.01,-82.58,-9.22
42280,-0.0405,0.2847,0.6421,96.98,-53.22,6.84
42292,-0.0156,0.2227,0.6611,67.93,-27.34,16.36
42305,-0.0137,0.1670,0.7690,5.13,-19.84,12.27
42318,-0.0044,0.1836,0.6606,2.62,-11.41,5.19
42331,0.0039,0.1885,0.5635,-7.39,16.36,2.20
42343,0.0073,0.1660,0.6069,-26.37,37.60,-3.72
42356,-0.0063,0.1167,0.5786,-73.73,58.72,-10.25
42369,-0.0479,0.1406,0.5244,-80.75,78.06,-18.98
42381,-0.0908,0.1289,0.3701,-55.11,110.11,-20.32
42394,-0.1045,-0.0093,0.3350,-76.35,150.02,-32.71
42407,-0.1445,-0.0054,0.3232,-100.65,191.59,-39.49
42419,-0.2222,0.0601,0.4194,-146.00,235.60,-19.23
42432,-0.3901,0.0322,0.7319,-154.60,270.45,-2.26
42445,-0.4492,-0.2412,1.8125,-359.80,148.19,-33.69
42458,-0.3872,-1.6895,3.9351,-667.60,-395.63,-283.63
42470,-0.5654,1.7983,2.9985,-173.58,-222.96,-35.46
42483,-0.6182,-0.0264,0.7202,83.92,77.70,34.55
42496,-0.3364,-0.0938,2.2754,253.23,22.03,60.91
42508,-0.3926,-0.3242,0.9844,192.32,50.17,71.04
42521,-0.4424,-0.1685,0.4487,139.65,188.17,129.27
42534,-0.3447,-0.2583,1.3955,132.69,154.30,122.31
42546,-0.3730,-0.3652,1.9419,174.80,-140.87,46.26
42559,-0.2554,0.2207,0.7495,97.17,-181.27,5.68
42572,-0.2397,0.1152,0.5928,8.67,-128.30,14.95
42584,-0.2241,0.1855,0.7407,27.71,-110.41,5.19
42597,-0.1885,0.2085,0.6836,76.35,-104.37,-8.73
42610,-0.1475,0.2153,0.8218,85.51,-92.29,2.20
42623,-0.0923,0.1392,0.8174,75.81,-90.09,6.59
42635,-0.0591,0.2324,0.7319,55.18,-85.45,4.39
42648,-0.0659,0.2290,0.6597,75.62,-49.32,17.40
42661,-0.0205,0.1787,0.8101,37.66,-41.69,10.19
42673,-0.0107,0.2266,0.6724,35.71,-54.50,1.22
42686,0.0117,0.2163,0.4844,43.33,-10.86,2.20
42699,0.0396,0.1392,0.5508,-6.41,16.97,5.25
42711,0.0176,0.0981,0.5181,-38.27,39.92,-11.96
42724,0.0073,0.1470,0.4321,-33.81,63.84,-23.68
42737,-0.0044,0.1401,0.3984,-66.04,97.29,-35.52
42750,-0.0894,0.0923,0.3091,-81.48,129.94,-43.82
42762,-0.1230,0.0723,0.1958,-106.26,188.35,-48.40
42775,-0.2183,0.0435,0.3096,-138.92,249.33,-51.15
42788,-0.3149,0.0103,0.5278,-154.60,251.40,-15.87
42800,-0.4072,-0.1143,1.4395,-296.51,225.10,-45.90
42813,-0.9678,-1.4077,7.5073,199.65,-373.60,-150.21
42826,-0.6929,2.0615,-0.9160,-49.80,-365.11,-354.86
42838,-0.8018,-0.6772,0.9805,-169.31,-62.38,-24.41
42851,-0.6045,-0.0859,1.9258,280.94,64.82,44.62
42864,-0.3364,-0.0605,1.2676,189.94,23.38,55.54
42876,-0.3823,-0.1050,0.4204,144.84,136.29,94.12
42889,-0.5103,-0.2637,0.5752,108.22,255.98,123.66
42902,-0.4004,-0.1328,2.3916,184.08,46.39,103.70
42915,-0.3501,-0.3467,1.0889,109.62,-164.98,-0.67
42927,-0.3389,0.2524,0.6064,66.41,-124.33,27.89
42940,-0.2949,0.1567,0.9321,19.04,-100.71,39.61
42953,-0.2861,0.1084,0.8325,65.55,-113.40,13.49
42965,-0.2139,0.2305,0.8276,71.17,-111.02,14.77
42978,-0.2070,0.1079,0.8403,65.86,-108.28,19.41
42992,-0.1421,0.1084,0.7334,59.57,-95.76,7.75
43004,-0.0942,0.2173,0.6475,77.21,-78.98,5.43
43017,-0.0532,0.2212,0.5454,77.15,-52.25,9.89
43030,-0.0229,0.1406,0.6763,41.38,-26.92,2.56
43042,0.0103,0.1143,0.6016,-7.69,-19.29,-3.11
43055,0.0039,0.1641,0.4419,-15.14,13.79,1.71
43068,0.0093,0.1582,0.5107,-22.34,51.88,-6.71
43081,-0.0122,0.1245,0.5278,-61.16,71.90,-21.61
43093,-0.0649,0.1357,0.4390,-83.25,94.42,-34.55
43106,-0.1128,0.0723,0.3906,-114.62,136.17,-40.71
43119,-0.1714,0.1084,0.1885,-131.59,181.70,-39.06
43131,-0.2046,0.0591,0.3711,-134.89,198.30,-15.01
43144,-0.2998,0.2822,0.5576,-166.02,230.04,-29.42
43157,-0.4141,-0.1416,1.7524,-360.35,154.48,-53.10
43169,-0.9336,-1.0947,7.7051,11.90,-360.47,-167.60
43182,-0.4746,2.2178,1.1831,-16.78,-263.49,-212.22
43195,-0.1938,-0.2788,0.7437,-165.41,-12.82,7.14
43208,-0.4961,-0.1636,1.5894,238.22,46.20,43.70
43220,-0.2622,-0.1445,0.9307,40.77,50.17,39.12
43233,-0.3052,-0.1001,0.2153,14.28,150.27,79.77
43246,-0.3975,-0.0327,1.1953,34.00,188.60,106.81
43258,-0.4531,-0.4819,1.7515,76.17,-35.64,16.91
43271,-0.4756,-0.0181,1.0127,100.65,-92.10,0.18
43284,-0.4902,0.2393,1.2070,118.59,-46.88,59.75
43296,-0.4624,0.0254,1.6030,118.84,-94.30,64.64
43309,-0.4082,-0.0781,1.1494,153.50,-124.51,44.86
43322,-0.2964,0.0161,0.8955,180.54,-117.61,43.21
43334,-0.1880,-0.0132,0.8462,146.73,-130.62,41.08
43347,-0.1279,0.0107,0.7085,108.89,-133.85,22.77
43360,-0.0684,0.0933,0.4976,100.65,-108.22,16.91
43373,-0.0312,0.1616,0.5049,65.80,-67.20,21.24
43385,-0.0171,0.1704,0.6543,31.98,-54.14,16.11
43398,-0.0156,0.2012,0.6455,26.49,-47.12,8.79
43411,-0.0083,0.2231,0.5288,25.39,-15.08,3.17
43423,-0.0303,0.2305,0.6777,12.02,12.94,5.86
43436,-0.0054,0.1904,0.7212,-22.83,19.90,-1.40
43449,-0.0049,0.2095,0.6440,-69.64,29.91,-9.16
43461,-0.0098,0.1929,0.5747,-112.00,52.43,-11.96
43474,-0.0508,0.1626,0.5107,-109.19,73.30,-19.29
43487,-0.0776,0.1226,0.3770,-86.49,106.99,-24.84
43500,-0.1099,0.0093,0.3789,-77.58,141.48,-36.93
43512,-0.1562,-0.0083,0.3423,-81.18,188.78,-41.50
43525,-0.2212,-0.0522,0.4468,-156.19,244.75,-39.18
43538,-0.4106,0.4556,0.6504,-218.02,237.61,7.26
43550,-0.5542,-0.2935,1.7373,-351.44,113.59,-49.62
43563,-0.8101,-1.3882,5.8086,-478.21,-362.24,-248.47
43576,-1.0044,1.2119,1.5610,-97.72,-145.94,-50.66
43588,-0.4434,-0.4292,1.8037,49.93,29.97,34.67
43601,-0.4839,-0.1455,1.6362,196.29,-1.89,44.25
43614,-0.4287,-0.0430,0.6025,148.25,94.60,84.96
43626,-0.4702,-0.0938,0.6533,177.37,198.85,128.66
43639,-0.2832,0.0859,1.7036,284.73,63.35,123.35
43652,-0.4307,-0.3960,1.7285,122.07,-147.77,25.33
43665,-0.3350,0.1973,0.8101,89.84,-167.66,25.76
43677,-0.3018,0.1455,0.7686,19.10,-136.78,33.51
43690,-0.2617,0.0483,0.7573,37.72,-132.51,8.91
43703,-0.1875,0.1934,0.7319,51.88,-111.57,8.79
43715,-0.1416,0.1826,0.6450,63.35,-94.97,15.20
43728,-0.1055,0.1382,0.6514,55.48,-85.33,8.79
43741,-0.0483,0.2476,0.6250,55.73,-69.95,5.98
43753,-0.0151,0.2832,0.5562,64.64,-36.68,13.67
43766,-0.0122,0.2183,0.7856,13.06,-19.65,18.01
43779,-0.0073,0.2056,0.6807,-0.79,-16.30,8.61
43791,0.0059,0.2485,0.6011,-8.00,7.14,9.95
43804,0.0020,0.1963,0.6133,-9.83,30.52,5.68
43817,0.0034,0.1353,0.6064,-60.12,50.54,-6.04
43830,-0.0073,0.1401,0.6504,-116.27,69.46,-8.00
43842,-0.1001,0.0820,0.3198,-107.48,92.29,-23.93
43855,-0.0732,0.1929,0.3755,-80.81,122.92,-30.21
43868,-0.0830,0.1104,0.3330,-86.85,161.01,-29.72
43880,-0.2119,-0.0415,0.3003,-73.73,213.93,-41.02
43893,-0.3242,0.1411,0.4082,-109.74,267.46,-32.41
43906,-0.4019,-0.2134,1.5625,-342.83,210.14,-59.63
43918,-2.0220,-0.9272,6.2632,-564.58,-471.74,-204.65
43931,-0.8950,1.4268,4.0210,-253.11,-355.04,-223.75
43944,-0.4287,0.3066,1.7686,177.55,-10.62,-25.45
43957,-0.5928,0.0195,1.8345,297.67,131.35,52.12
43969,-0.2744,-0.2925,1.8403,160.03,75.87,58.84
43982,-0.4258,-0.1260,0.9395,78.31,115.30,91.49
43995,-0.5640,-0.2319,0.4082,142.70,212.28,122.92
44007,-0.4214,-0.1025,2.4736,273.74,16.54,97.41
44020,-0.2939,-0.2026,1.0220,157.78,-139.65,32.78
44033,-0.2700,0.0479,0.5532,91.61,-114.07,44.31
44045,-0.2583,0.0444,0.7720,42.42,-94.67,36.99
44058,-0.2524,0.1274,0.9116,47.36,-113.28,15.69
44071,-0.2192,0.1875,0.8672,71.59,-124.08,7.45
44083,-0.1719,0.2065,0.7881,76.78,-107.54,15.81
44096,-0.1333,0.1523,0.7944,68.42,-92.47,15.26
44109,-0.0947,0.1372,0.6875,64.82,-80.75,6.10
44122,-0.0630,0.1914,0.7236,38.64,-56.27,-0.12
44134,-0.0186,0.2935,0.7954,37.23,-52.19,3.85
44147,-0.0034,0.2734,0.6665,22.46,-47.49,7.39
44160,0.0088,0.2622,0.3862,23.01,-17.58,11.11
44172,-0.0068,0.2349,0.7256,4.52,12.82,11.66
44185,-0.0098,0.1772,0.7217,-19.47,15.69,-0.85
44198,0.0254,0.1909,0.6538,-73.18,28.63,-13.24
44210,0.0010,0.2686,0.5889,-64.51,38.94,-19.53
44223,-0.0718,0.2168,0.4888,-41.56,64.58,-19.84
44236,-0.0649,0.1655,0.4282,-15.62,97.47,-21.42
44249,-0.1514,-0.0405,0.1606,2.56,141.17,-42.48
44261,-0.1304,0.0366,0.3125,-24.54,184.08,-64.09
44274,-0.2256,-0.0210,0.2974,-66.53,239.01,-74.16
44287,-0.0952,-0.0908,1.1309,-246.70,251.34,-70.56
44299,-0.3755,-0.0825,1.7739,-573.73,142.88,-13.73
44312,-0.4453,0.2520,7.0391,-726.56,-473.75,-49.80
44325,-0.8154,0.3301,4.4976,-760.99,-292.79,-135.19
44337,-0.4355,1.1880,1.8711,131.90,36.56,15.26
44350,-0.3984,-0.2969,1.5337,239.20,126.46,34.61
44363,-0.2202,-0.1851,1.8438,138.98,47.06,46.39
44375,-0.3271,0.0283,0.7954,4.27,97.90,76.72
44388,-0.4561,0.3022,0.1328,14.95,203.25,98.94
44401,-0.1836,-0.2300,2.1372,259.28,-2.08,54.99
44414,-0.2100,-0.2837,0.8486,83.50,-96.44,-12.57
44426,-0.1968,-0.0283,0.0801,-2.56,-6.29,3.66
44439,-0.1484,0.0776,0.5908,-61.10,65.19,22.89
44452,-0.2173,-0.0215,1.0239,-102.17,21.97,2.93
44464,-0.2778,-0.0811,1.0225,-132.81,-18.43,-15.81
44477,-0.3452,-0.1255,0.9502,-112.24,-3.30,-10.07
44490,-0.4263,-0.2100,1.0645,-94.12,9.64,-2.26
44502,-0.5195,-0.3721,1.9634,59.33,-45.84,-2.08
44515,-0.2808,-0.1025,0.8901,29.60,-15.32,4.82
44528,-0.2808,-0.1689,0.9810,41.02,3.91,2.56
44541,-0.2588,-0.0977,0.9258,38.39,-0.37,3.23
44553,-0.2505,-0.0693,0.8286,38.33,22.22,17.58
44566,-0.3281,-0.1230,0.9590,30.58,-4.76,-0.79
44579,-0.3096,-0.0518,0.7925,9.64,-21.12,-5.43
44591,-0.2676,-0.0264,0.7588,-4.39,3.42,3.23
44604,-0.2646,-0.0527,0.9058,-16.30,10.38,2.75
44617,-0.2754,-0.0684,0.9268,-28.75,-1.65,-2.75
44629,-0.3027,-0.0986,0.9072,-33.51,-0.92,-1.83
44642,-0.3301,-0.1279,0.9531,-31.31,6.23,0.92
44655,-0.3452,-0.1494,1.0215,-24.05,2.93,-0.12
44667,-0.3364,-0.1509,1.0142,-11.66,-3.36,-1.28
44680,-0.3130,-0.1338,0.9902,3.17,-1.89,0.31
44693,-0.3076,-0.1279,0.9849,14.28,-0.73,1.53
44706,-0.3174,-0.1201,0.9531,18.37,-4.15,0.24
44718,-0.3135,-0.1025,0.9048,15.81,-4.33,0.00
44731,-0.3062,-0.0908,0.8916,9.83,-1.46,0.73
44744,-0.2939,-0.0835,0.8950,1.71,-0.67,0.61
44756,-0.2891,-0.0840,0.9019,-6.10,-0.55,-0.12
44769,-0.2969,-0.0942,0.9126,-11.84,0.43,0.00
44782,-0.3101,-0.1050,0.9336,-14.95,1.22,0.06
44794,-0.3203,-0.1196,0.9556,-14.65,0.43,-0.18
44807,-0.3184,-0.1255,0.9678,-10.56,-0.18,-0.06
44820,-0.3149,-0.1289,0.9722,-3.78,-0.61,0.24
44833,-0.3149,-0.1265,0.9692,2.44,-1.22,0.49
44845,-0.3135,-0.1211,0.9541,6.65,-2.01,0.24
44858,-0.3115,-0.1128,0.9341,7.45,-1.83,0.37
44871,-0.3062,-0.1069,0.9224,5.25,-1.53,0.43
44883,-0.3013,-0.1040,0.9185,1.53,-1.28,0.24
44896,-0.3008,-0.1011,0.9180,-2.50,-0.55,0.24
44909,-0.3047,-0.1030,0.9258,-5.80,-0.12,0.24
44921,-0.3071,-0.1123,0.9351,-7.32,-0.37,0.06
44934,-0.3105,-0.1182,0.9497,-6.84,-0.49,0.00
44947,-0.3115,-0.1226,0.9512,-4.39,-0.31,0.31
44959,-0.3154,-0.1172,0.9556,-1.83,-0.55,0.37
44972,-0.3120,-0.1187,0.9512,1.04,-1.34,0.18
44985,-0.3081,-0.1167,0.9458,2.75,-1.40,0.24
44998,-0.3091,-0.1157,0.9336,3.30,-1.16,0.43
45010,-0.3120,-0.1172,0.9268,1.59,-1.28,0.31
45023,-0.3086,-0.1147,0.9243,-0.61,-0.98,0.31
45036,-0.3081,-0.1113,0.9268,-2.69,-0.43,0.37
45048,-0.3032,-0.1108,0.9385,-3.78,-0.67,0.18
45061,-0.3071,-0.1118,0.9395,-3.60,-0.92,0.18
45074,-0.3110,-0.1152,0.9419,-3.11,-0.67,0.18
45086,-0.3154,-0.1196,0.9424,-2.26,-0.92,0.12
45099,-0.3130,-0.1211,0.9448,-1.22,-0.92,0.24
45112,-0.3076,-0.1196,0.9434,-0.31,-0.92,0.37
45125,-0.3037,-0.1182,0.9414,0.24,-0.98,0.31
45137,-0.3047,-0.1138,0.9385,0.67,-1.04,0.24
45150,-0.3071,-0.1133,0.9326,0.00,-0.98,0.31
45163,-0.3091,-0.1128,0.9370,-1.46,-0.92,0.18
45175,-0.3125,-0.1172,0.9326,-1.95,-0.92,0.18
45188,-0.3145,-0.1182,0.9375,-2.38,-0.73,0.24
45201,-0.3115,-0.1196,0.9395,-2.26,-0.79,0.24
45213,-0.3105,-0.1177,0.9424,-1.89,-0.67,0.31
45226,-0.3047,-0.1187,0.9409,-1.04,-0.73,0.31
45239,-0.3057,-0.1182,0.9395,-0.37,-1.04,0.18
45251,-0.3101,-0.1221,0.9370,0.00,-1.04,0.24
45264,-0.3125,-0.1196,0.9360,-0.24,-0.85,0.31
45277,-0.3130,-0.1191,0.9341,-0.98,-0.85,0.31
45290,-0.3071,-0.1138,0.9360,-1.28,-0.73,0.37
45302,-0.3047,-0.1167,0.9370,-1.46,-0.79,0.31
45315,-0.3066,-0.1177,0.9399,-1.46,-0.92,0.24
45328,-0.3071,-0.1196,0.9360,-1.59,-0.98,0.31
45340,-0.3115,-0.1206,0.9375,-1.53,-0.79,0.37
45353,-0.3105,-0.1211,0.9390,-1.28,-0.85,0.24
45366,-0.3081,-0.1162,0.9404,-1.10,-0.79,0.31
45378,-0.3062,-0.1157,0.9404,-0.92,-0.73,0.49
45392,-0.3076,-0.1167,0.9399,-0.85,-0.98,0.24
45405,-0.3086,-0.1187,0.9375,-0.79,-0.85,0.24
45417,-0.3091,-0.1221,0.9346,-0.92,-0.92,0.18
45430,-0.3096,-0.1196,0.9355,-1.22,-0.79,0.31
45443,-0.3115,-0.1196,0.9351,-1.34,-0.79,0.24
45456,-0.3091,-0.1172,0.9399,-1.46,-0.73,0.37
45468,-0.3062,-0.1167,0.9399,-1.28,-0.85,0.24
45481,-0.3081,-0.1187,0.9375,-1.04,-0.98,0.31
45494,-0.3096,-0.1206,0.9375,-0.85,-1.04,0.31
45506,-0.3105,-0.1201,0.9380,-0.85,-0.79,0.24
45519,-0.3091,-0.1201,0.9360,-0.98,-0.85,0.31
45532,-0.3042,-0.1191,0.9395,-0.85,-0.85,0.31
45544,-0.3062,-0.1196,0.9370,-0.92,-0.92,0.24
45557,-0.3091,-0.1196,0.9365,-0.92,-0.85,0.24
45570,-0.3110,-0.1216,0.9370,-1.10,-0.92,0.31
45583,-0.3120,-0.1221,0.9380,-1.34,-0.73,0.24
45595,-0.3105,-0.1201,0.9390,-1.22,-0.92,0.31
45608,-0.3081,-0.1191,0.9390,-1.22,-0.85,0.31
45621,-0.3062,-0.1196,0.9395,-1.04,-0.92,0.24
45633,-0.3091,-0.1211,0.9375,-0.73,-1.10,0.18
45646,-0.3066,-0.1235,0.9380,-0.85,-0.92,0.31
45659,-0.3081,-0.1196,0.9351,-0.92,-0.79,0.24
45671,-0.3076,-0.1211,0.9365,-0.98,-0.92,0.24
45684,-0.3115,-0.1201,0.9370,-0.98,-0.85,0.24
45697,-0.3091,-0.1201,0.9380,-1.10,-0.79,0.31
45709,-0.3062,-0.1230,0.9380,-1.16,-0.73,0.31
45722,-0.3066,-0.1211,0.9375,-1.16,-0.79,0.31
45735,-0.3071,-0.1211,0.9380,-0.92,-0.92,0.31
45748,-0.3066,-0.1226,0.9380,-0.92,-0.85,0.24
45760,-0.3081,-0.1221,0.9380,-0.92,-0.79,0.31
45773,-0.3091,-0.1211,0.9375,-0.79,-0.85,0.31
45786,-0.3110,-0.1211,0.9385,-0.98,-0.79,0.31
45798,-0.3110,-0.1221,0.9365,-0.98,-0.85,0.31
45811,-0.3096,-0.1226,0.9375,-1.22,-0.85,0.31
45824,-0.3081,-0.1201,0.9390,-1.16,-0.85,0.31
45836,-0.3091,-0.1216,0.9375,-1.16,-0.79,0.31
45849,-0.3071,-0.1216,0.9404,-0.98,-0.79,0.31
45862,-0.3066,-0.1221,0.9380,-0.85,-0.79,0.31
45875,-0.3076,-0.1235,0.9365,-0.92,-0.85,0.18
45887,-0.3110,-0.1221,0.9365,-1.04,-0.73,0.24
45900,-0.3096,-0.1230,0.9370,-0.85,-0.92,0.31
45913,-0.3120,-0.1226,0.9351,-1.04,-0.92,0.31
45925,-0.3101,-0.1226,0.9351,-0.98,-0.85,0.37
45938,-0.3115,-0.1206,0.9365,-1.04,-0.92,0.24
45951,-0.3052,-0.1221,0.9385,-1.04,-0.85,0.24
45963,-0.3066,-0.1211,0.9390,-0.92,-0.85,0.31
45976,-0.3066,-0.1240,0.9385,-0.79,-0.85,0.37
45989,-0.3062,-0.1211,0.9380,-0.79,-0.85,0.18
46001,-0.3110,-0.1221,0.9375,-0.92,-0.92,0.24
46014,-0.3076,-0.1240,0.9380,-0.98,-0.85,0.31
46027,-0.3110,-0.1226,0.9370,-1.10,-0.79,0.24
46040,-0.3120,-0.1226,0.9365,-1.04,-0.79,0.31
46052,-0.3105,-0.1245,0.9385,-0.92,-0.85,0.37
46065,-0.3076,-0.1240,0.9370,-0.98,-0.92,0.24
46078,-0.3066,-0.1221,0.9380,-0.85,-0.79,0.37
46090,-0.3081,-0.1230,0.9370,-0.79,-0.85,0.24
46103,-0.3110,-0.1221,0.9360,-0.85,-0.92,0.31
46116,-0.3096,-0.1240,0.9375,-0.92,-0.85,0.24
46128,-0.3086,-0.1245,0.9390,-1.04,-0.85,0.24
46141,-0.3096,-0.1255,0.9375,-0.98,-0.73,0.31
46154,-0.3076,-0.1230,0.9375,-0.92,-0.79,0.31
46166,-0.3071,-0.1240,0.9385,-0.92,-0.92,0.24
46179,-0.3086,-0.1230,0.9365,-0.92,-0.79,0.31
46192,-0.3096,-0.1211,0.9375,-0.79,-0.73,0.37
46205,-0.3091,-0.1250,0.9370,-0.79,-0.79,0.24
46217,-0.3081,-0.1250,0.9375,-0.85,-0.79,0.43
46230,-0.3076,-0.1245,0.9380,-0.98,-0.73,0.24
46243,-0.3081,-0.1221,0.9380,-0.92,-0.92,0.24
46255,-0.3091,-0.1230,0.9370,-0.85,-0.79,0.31
46268,-0.3096,-0.1245,0.9380,-0.79,-0.98,0.18
46281,-0.3086,-0.1240,0.9380,-0.85,-0.73,0.31
46293,-0.3091,-0.1250,0.9360,-0.85,-0.85,0.37
46306,-0.3071,-0.1230,0.9370,-0.92,-0.85,0.31
46319,-0.3066,-0.1240,0.9385,-0.85,-0.92,0.37
46332,-0.3081,-0.1255,0.9355,-0.85,-0.85,0.31
46344,-0.3110,-0.1235,0.9360,-0.79,-0.85,0.24
46357,-0.3101,-0.1265,0.9355,-0.98,-0.73,0.31
46370,-0.3071,-0.1245,0.9380,-1.10,-0.85,0.31
46382,-0.3076,-0.1245,0.9380,-1.04,-0.79,0.31
46395,-0.3076,-0.1235,0.9351,-0.98,-0.85,0.24
46408,-0.3110,-0.1255,0.9365,-0.85,-0.79,0.37
46420,-0.3096,-0.1255,0.9380,-1.04,-0.92,0.24
46433,-0.3096,-0.1245,0.9360,-0.98,-0.79,0.37
46446,-0.3081,-0.1260,0.9380,-0.92,-0.85,0.31
46458,-0.3066,-0.1255,0.9399,-0.85,-0.79,0.37
46471,-0.3071,-0.1255,0.9355,-0.73,-0.79,0.31
46484,-0.3101,-0.1260,0.9370,-0.61,-0.79,0.37
46497,-0.3057,-0.1235,0.9355,-0.92,-0.73,0.31
46509,-0.3091,-0.1240,0.9385,-0.92,-0.79,0.37
46522,-0.3096,-0.1250,0.9365,-0.98,-0.85,0.31
46535,-0.3096,-0.1245,0.9380,-0.79,-0.85,0.31
46547,-0.3081,-0.1260,0.9375,-0.73,-0.73,0.24
46560,-0.3091,-0.1255,0.9351,-0.79,-0.79,0.37
46573,-0.3086,-0.1279,0.9346,-0.79,-0.79,0.31
46585,-0.3105,-0.1274,0.9355,-0.92,-0.92,0.37
46598,-0.3086,-0.1265,0.9380,-0.85,-0.79,0.37
46611,-0.3076,-0.1265,0.9365,-0.85,-0.79,0.31
46624,-0.3052,-0.1245,0.9365,-0.79,-0.85,0.24
46636,-0.3066,-0.1240,0.9365,-0.85,-0.85,0.31
46649,-0.3071,-0.1245,0.9365,-0.79,-0.85,0.24
46662,-0.3076,-0.1221,0.9380,-0.92,-0.92,0.31
46674,-0.3062,-0.1250,0.9370,-0.92,-0.85,0.31
46687,-0.3086,-0.1274,0.9365,-0.98,-0.85,0.31
46700,-0.3076,-0.1240,0.9360,-0.98,-0.79,0.31
46712,-0.3086,-0.1245,0.9355,-1.04,-0.67,0.37
46725,-0.3091,-0.1250,0.9370,-0.92,-0.79,0.43
46738,-0.3081,-0.1240,0.9385,-0.92,-0.85,0.24
46750,-0.3071,-0.1250,0.9390,-0.85,-0.79,0.31
46763,-0.3066,-0.1265,0.9380,-0.85,-0.73,0.31
46776,-0.3062,-0.1255,0.9375,-0.73,-0.98,0.31
46789,-0.3071,-0.1250,0.9360,-0.85,-0.85,0.31
46801,-0.3091,-0.1279,0.9355,-0.85,-0.85,0.24
46814,-0.3096,-0.1260,0.9341,-0.92,-0.79,0.31
46827,-0.3159,-0.1108,0.9399,-0.37,-0.67,0.37
46839,-0.3081,-0.1245,0.9312,0.18,-0.85,0.37
46852,-0.3003,-0.1343,0.9253,-0.85,-0.98,0.18
46865,-0.2964,-0.1367,0.9312,-0.55,-0.73,0.31
46877,-0.2979,-0.1338,0.9336,0.73,-0.85,0.43
46890,-0.3022,-0.1260,0.9292,0.61,-0.92,0.43
46903,-0.3086,-0.1196,0.9346,-0.31,-0.67,0.43
46916,-0.3149,-0.1162,0.9414,-1.40,-0.92,0.18
46928,-0.3159,-0.1216,0.9390,-1.40,-0.98,0.18
46941,-0.3125,-0.1304,0.9346,-1.10,-0.85,0.24
46954,-0.3101,-0.1353,0.9365,-1.53,-0.73,0.37
46966,-0.3018,-0.1318,0.9375,-1.65,-0.73,0.37
46979,-0.2998,-0.1289,0.9414,-1.53,-0.79,0.37
46992,-0.3042,-0.1230,0.9424,-0.92,-0.85,0.31
47004,-0.3101,-0.1216,0.9395,-0.73,-0.98,0.24
47017,-0.3149,-0.1216,0.9370,-1.28,-0.92,0.18
47030,-0.3159,-0.1265,0.9355,-1.53,-0.73,0.31
47042,-0.3120,-0.1279,0.9365,-1.77,-0.73,0.31
47055,-0.3027,-0.1279,0.9399,-1.40,-0.67,0.43
47068,-0.2988,-0.1265,0.9390,-0.79,-0.92,0.37
47081,-0.3013,-0.1294,0.9365,-0.31,-1.04,0.24
47093,-0.3081,-0.1313,0.9351,-0.12,-1.10,0.18
47106,-0.3154,-0.1304,0.9336,-0.37,-0.73,0.31
47119,-0.3135,-0.1250,0.9341,-0.85,-0.73,0.43
47131,-0.3091,-0.1221,0.9375,-1.16,-0.61,0.43
47144,-0.3027,-0.1206,0.9399,-0.98,-0.79,0.37
47157,-0.3022,-0.1250,0.9395,-0.67,-0.73,0.31
47169,-0.3071,-0.1270,0.9355,-0.55,-0.92,0.24
47182,-0.3076,-0.1323,0.9321,-0.43,-0.92,0.24
47195,-0.3101,-0.1318,0.9316,-0.67,-0.85,0.31
47208,-0.3110,-0.1294,0.9341,-0.98,-0.67,0.43
47220,-0.2988,-0.1084,0.9443,-0.12,-9.16,10.50
47233,-0.2681,-0.0659,0.8823,-6.90,1.53,7.45
47246,-0.3125,-0.1240,0.9248,-13.31,5.62,5.07
47258,-0.2798,-0.1216,1.2900,7.75,-9.28,2.93
47271,-0.3188,-0.1064,0.8271,-6.96,-10.25,-2.20
47284,-0.3130,-0.1416,0.9321,-13.73,-14.10,-3.60
47296,-0.3096,-0.1377,0.9761,-4.76,-11.90,-2.44
47309,-0.2998,-0.1406,0.9561,-3.11,-8.18,-2.56
47322,-0.2988,-0.1440,0.9233,-3.78,-5.31,-2.93
47334,-0.3086,-0.1479,0.9023,-6.10,-4.33,-1.53
47347,-0.3027,-0.1357,0.9541,-7.20,-3.42,-1.89
47360,-0.3071,-0.1504,0.9385,-10.86,-8.67,-6.47
47373,-0.2627,-0.1436,0.9517,-10.50,-12.15,-8.79
47385,-0.2598,-0.1406,0.9263,-15.20,-13.24,-8.00
47398,-0.2568,-0.1416,0.9526,-8.36,-15.50,-8.00
47411,-0.2524,-0.1426,0.9390,-8.42,-18.92,-9.58
47423,-0.2852,-0.1348,0.9453,-10.74,-22.71,-11.11
47436,-0.2593,-0.1533,0.9268,-7.51,-23.01,-11.84
47450,-0.2456,-0.1406,0.9468,-9.46,-22.52,-10.13
47462,-0.2461,-0.1650,1.1450,20.26,15.20,8.00
47475,-0.2642,-0.1719,0.9292,39.43,40.04,17.33
47488,-0.2783,-0.1538,0.8911,16.78,57.43,26.37
47500,-0.3179,-0.1553,0.9448,11.78,61.40,26.00
47513,-0.4292,-0.1460,1.3555,32.04,-1.89,3.54
47526,-0.3169,-0.0913,0.9224,28.44,-42.54,-15.26
47539,-0.2441,-0.0161,0.6479,14.71,8.36,4.39
47551,-0.2588,-0.0737,0.8579,-10.44,23.32,9.95
47564,-0.2827,-0.1201,0.9912,-31.25,-13.06,0.24
47577,-0.3267,-0.2710,0.7559,-18.31,9.83,20.75
47589,-0.4175,-0.5391,1.6724,-86.24,-20.57,-21.91
47602,-0.3560,-0.1260,0.9561,29.48,-9.09,-47.55
47615,-0.2119,0.2285,0.8457,-16.91,-9.89,-16.72
47627,-0.2485,0.1152,0.9546,-12.51,-21.12,22.03
47640,-0.2676,-0.1606,0.9805,2.08,-13.18,-7.69
47653,-0.2798,-0.1470,0.9521,1.53,-15.75,-7.63
47666,-0.2681,-0.1572,0.9663,4.52,-13.85,-6.10
47678,-0.2681,-0.1543,0.9648,-5.13,-11.78,-4.64
47691,-0.2686,-0.1621,0.9429,-1.10,-8.12,-3.05
47704,-0.2646,-0.1260,0.9868,-9.03,-4.27,7.51
47716,-0.1924,-0.3999,0.9648,-13.06,5.49,23.50
47729,-0.2910,-0.1846,0.9502,-30.46,16.24,26.73
47742,-0.2515,-0.0293,1.3667,-29.72,-4.33,32.10
47754,-0.3315,-0.2651,1.1108,27.40,-9.09,21.18
47767,-0.3799,-0.3018,1.1411,64.64,-5.31,2.99
47780,-0.3315,-0.2051,1.2085,105.10,-26.00,0.61
47792,-0.3511,-0.3550,1.0610,171.02,-23.56,7.14
47805,-0.3330,-0.4058,1.2744,167.24,-28.02,-11.54
47818,-0.3042,-0.0972,1.2378,140.38,-56.21,-19.23
47831,-0.2808,0.0674,1.1187,126.77,-84.29,-13.12
47843,-0.2637,0.2017,0.8848,120.00,-87.16,-1.10
47856,-0.2339,0.1699,0.8901,113.77,-78.12,7.51
47869,-0.2124,0.1250,0.8687,129.94,-72.08,8.12
47881,-0.1523,0.1074,0.6812,117.74,-61.95,5.07
47894,-0.1118,0.1270,0.7368,77.27,-64.82,-3.72
47907,-0.0767,0.1147,0.6411,47.61,-56.88,-2.93
47919,-0.0498,0.2695,0.4966,36.93,-37.78,0.67
47932,-0.0542,0.2705,0.4746,14.22,-11.84,3.36
47945,-0.0493,0.2651,0.5049,2.62,6.90,0.49
47958,-0.0742,0.2007,0.4038,-13.67,26.92,-3.17
47970,-0.0234,0.1890,0.3047,-52.12,55.79,-10.68
47983,-0.0122,0.2012,0.4424,-74.40,91.13,-15.69
47996,-0.0352,0.0811,0.4658,-68.79,114.99,-20.26
48008,-0.0737,-0.0273,0.6548,-87.22,136.47,-25.82
48021,-0.1948,0.0586,0.5889,-154.66,153.63,14.10
48034,-0.3159,-0.1729,0.4653,-147.89,197.20,-0.49
48046,-0.5063,-0.3071,2.0645,-361.76,127.01,37.29
48059,-1.2305,-0.9072,3.2695,434.39,-136.66,-111.33
48072,-1.0039,-0.8989,-1.1318,108.76,-68.30,-116.64
48084,-0.6406,0.5547,1.0703,-60.06,32.23,4.21
48097,-0.6289,0.0942,1.8442,152.53,43.15,25.82
48110,-0.4683,-0.0869,1.7241,219.91,-7.45,58.47
48123,-0.5259,-0.3164,1.0273,276.37,-20.57,17.46
48135,-0.2573,0.0952,1.4380,255.13,-71.29,21.12
48148,-0.2373,0.0376,0.8047,198.06,-97.35,19.04
48161,-0.1455,0.1060,0.6860,84.05,-96.80,34.42
48173,-0.1367,0.0376,0.4551,54.63,-86.30,34.67
48186,-0.1362,0.0010,0.3110,37.60,-50.23,13.55
48199,-0.1021,0.2378,0.3154,21.24,-13.06,5.80
48211,-0.0879,0.3740,0.4868,-9.89,11.60,10.68
48224,-0.0684,0.2905,0.5176,-19.59,25.82,8.54
48237,-0.0737,0.1636,0.4985,-52.31,46.02,1.28
48250,-0.0874,0.1367,0.5190,-81.79,59.27,-7.51
48262,-0.1406,0.1040,0.4932,-81.36,82.70,-16.91
48275,-0.1670,-0.0771,0.5161,-61.83,113.34,-26.61
48288,-0.2651,0.0581,0.3462,-42.05,137.63,-35.34
48300,-0.1875,-0.1792,1.5039,-378.36,112.43,-13.06
48313,-0.5166,-0.3760,1.2759,-362.18,44.98,-8.24
48326,-0.3003,0.3926,5.6860,124.88,-168.09,7.87
48338,-1.0190,-0.1514,0.4956,84.59,-28.26,-80.63
48351,-0.7847,0.2144,0.7632,7.51,60.18,-13.49
48364,-0.6104,0.2578,1.9077,133.12,38.21,38.51
48376,-0.5293,-0.2241,1.4961,203.00,-2.81,41.87
48389,-0.4800,-0.1489,1.2432,396.06,-50.29,15.14
48402,-0.3452,-0.1855,0.9473,247.13,-77.15,15.01
48415,-0.1865,0.1196,0.8965,209.35,-94.06,32.10
48427,-0.1719,-0.0288,0.6406,75.56,-108.03,40.04
48440,-0.1509,-0.0508,0.2539,25.39,-93.02,23.19
48453,-0.1191,0.1157,0.0786,25.51,-44.80,5.43
48465,-0.0889,0.2593,0.2344,24.60,6.96,-1.71
48478,-0.0811,0.1958,0.3076,-14.83,38.45,-10.01
48491,-0.0645,0.2290,0.4023,-68.97,65.92,-16.60
48503,-0.0913,0.2114,0.4146,-106.93,82.03,-24.29
48516,-0.1401,0.1558,0.4194,-125.61,95.95,-27.16
48529,-0.1719,-0.0552,0.4321,-127.99,127.69,-38.76
48541,-0.1177,-0.2852,1.0498,-348.45,130.19,-11.78
48554,-0.2778,-0.5513,1.4077,-390.14,49.26,-34.42
48567,-0.2690,0.5391,7.2954,-16.72,-218.51,-14.16
48580,-0.9082,-0.3584,-0.2563,106.14,-122.86,-179.93
48592,-0.6934,0.4180,0.4526,-88.13,-56.09,-80.69
48605,-0.6006,0.4819,1.1748,-28.38,66.47,15.62
48618,-0.6074,0.1650,1.6699,83.98,91.31,54.50
48630,-0.5298,-0.0981,1.3174,162.66,64.39,70.62
48643,-0.4814,-0.0405,0.8911,283.81,71.47,50.90
48656,-0.3252,-0.0137,1.3057,265.93,-15.08,31.92
48668,-0.2148,-0.0991,1.0674,244.57,-66.41,28.93
48681,-0.1719,0.0967,0.7476,127.62,-98.14,50.48
48694,-0.1587,0.0176,0.4771,52.98,-87.04,53.28
48707,-0.1860,-0.0117,0.1885,17.64,-53.83,33.20
48719,-0.1479,0.1641,0.1880,27.04,-0.12,14.95
48732,-0.1187,0.2256,0.4590,10.07,36.07,10.31
48745,-0.1172,0.2183,0.5303,-26.43,55.85,2.44
48757,-0.1304,0.0254,0.5425,-88.26,67.44,-18.01
48770,-0.1631,0.1484,0.5044,-111.15,78.31,-28.08
48783,-0.2021,0.5146,1.0757,-152.28,96.68,-10.56
48795,-0.1147,0.4326,1.4453,-379.76,69.82,20.32
48808,-0.2773,-0.3945,0.9551,-290.95,27.95,0.37
48821,-0.5371,-0.8066,1.6714,-185.73,-9.34,-78.12
48833,-0.2261,-0.7280,-0.7793,-324.65,-154.05,-94.24
48846,-0.7290,0.4155,1.4243,-60.36,-68.12,-94.85
48859,-0.6973,0.5576,1.0713,21.91,42.11,-4.46
48872,-0.6826,0.1230,1.6787,77.58,81.54,40.53
48884,-0.5884,0.1602,1.6592,157.41,55.85,80.75
48897,-0.5132,-0.0557,1.2393,345.09,36.32,83.31
48910,-0.3970,-0.4209,1.5654,305.66,-61.95,40.65
48922,-0.2554,-0.3047,0.9824,244.69,-108.34,19.84
48935,-0.1748,0.0820,0.5938,137.45,-118.71,38.51
48948,-0.1450,0.0117,0.2397,82.89,-85.57,40.65
48960,-0.1304,0.0200,0.1743,44.86,-42.72,31.13
48973,-0.1235,0.0522,0.3125,28.02,0.00,4.52
48986,-0.0947,0.2607,0.4165,6.65,26.00,-6.23
48999,-0.0908,0.2588,0.4077,-18.37,48.58,-13.43
49011,-0.1182,0.1831,0.5093,-91.06,72.39,-27.65
49024,-0.1396,0.2979,0.5791,-114.20,82.52,-18.74
49037,-0.2017,-0.0391,0.4531,-106.38,104.74,-33.45
49049,-0.1909,-0.4272,0.8569,-221.92,113.59,-38.15
49062,-0.2222,-0.1479,1.3350,-364.38,49.99,-14.47
49075,-0.3872,-0.4814,1.1289,-330.75,16.42,-45.47
49087,-1.0962,0.0654,4.4854,571.04,-163.82,-81.91
49100,-0.8047,-0.6802,-0.8613,39.06,-78.19,-133.00
49113,-0.6831,0.5127,1.1338,-42.60,-16.97,-43.33
49125,-0.6904,0.2734,1.1484,-8.42,74.65,20.57
49138,-0.5977,0.1226,1.7041,106.93,54.38,47.61
49151,-0.5132,0.0645,1.3130,170.96,30.58,70.31
49164,-0.4263,-0.2163,1.5527,359.92,-8.48,46.51
49176,-0.3223,-0.0693,1.0957,281.49,-70.68,21.48
49189,-0.2031,0.0273,0.8164,205.57,-88.07,17.82
49202,-0.1372,0.2061,0.6777,100.65,-94.85,41.02
49214,-0.1636,0.0483,0.3691,53.16,-63.42,41.08
49227,-0.1626,0.1006,0.1299,62.68,-34.18,26.67
49240,-0.1250,0.1504,0.3315,32.84,19.17,12.94
49252,-0.1143,0.1084,0.6079,-4.76,36.74,-2.99
49265,-0.0947,0.2300,0.5596,-46.57,43.15,-9.09
49278,-0.1313,0.2749,0.5840,-96.86,61.22,-9.52
49291,-0.1494,0.1440,0.4590,-98.45,86.06,-13.43
49303,-0.0806,0.0332,1.1411,-213.56,110.47,5.19
49316,-0.1309,-0.2192,1.4932,-389.89,80.93,4.39
49329,-0.2231,-0.6089,0.9839,-322.51,21.12,-32.10
49341,-0.4863,-0.4712,1.4858,-297.30,13.24,-141.72
49354,-0.2222,-0.8423,-0.5898,-354.25,-192.44,-127.99
49367,-0.8623,0.4229,1.6875,2.20,-87.46,-89.23
49379,-0.7065,0.4189,1.0596,13.31,25.15,-7.93
49392,-0.7129,0.0737,1.4683,83.80,91.37,32.65
49405,-0.6133,0.0591,1.5811,152.22,66.96,68.54
49417,-0.5781,-0.0742,1.1406,259.16,56.15,61.34
49430,-0.3535,-0.2261,1.7681,309.39,-26.37,41.63
49443,-0.2363,-0.3628,1.0454,259.09,-88.01,25.57
49456,-0.1553,0.2378,0.7017,151.67,-119.20,36.56
49468,-0.1758,0.1060,0.3940,64.94,-101.68,48.65
49481,-0.1597,0.1577,0.2549,88.20,-71.11,46.08
49494,-0.1602,0.1187,0.2056,89.17,-12.76,33.69
49506,-0.1279,0.1489,0.5610,40.16,16.54,16.30
49519,-0.0981,0.2144,0.6079,-13.12,17.03,-0.06
49532,-0.0664,0.2158,0.4868,-78.25,27.53,-7.02
49544,-0.0977,0.2495,0.3237,-116.82,49.74,-13.49
49557,-0.1294,0.1021,0.4141,-96.68,84.29,-27.16
49570,-0.1738,0.0820,0.4600,-96.62,111.27,-28.99
49583,-0.0825,0.2075,1.2749,-378.78,136.90,4.21
49595,-0.1426,-0.2690,1.4214,-399.23,73.43,-0.06
49608,-0.4316,-0.5713,1.1104,-308.41,22.40,-41.26
49621,-0.5840,-0.1343,5.8765,372.19,-154.48,-122.01
49633,-1.0229,-0.9126,-0.3267,104.55,-68.79,-118.65
49646,-0.7773,0.4160,0.5195,-35.16,32.41,-23.74
49659,-0.7192,0.2485,1.8105,115.11,64.03,22.89
49671,-0.5723,0.2334,1.8442,175.29,14.83,70.07
49684,-0.5093,0.0151,1.1665,379.39,-9.77,54.93
49697,-0.3608,-0.1514,1.4668,263.61,-71.47,38.09
49709,-0.2520,0.0479,0.8135,250.92,-97.23,22.95
49722,-0.1724,0.1001,0.5898,107.79,-103.70,40.89
49735,-0.1484,0.0625,0.5059,51.21,-94.36,39.12
49748,-0.1289,0.1094,0.2104,60.00,-64.21,30.88
49760,-0.1235,0.1279,0.0967,54.99,-4.88,13.12
49773,-0.0850,0.1812,0.3926,10.25,30.52,0.49
49786,-0.0679,0.1831,0.5122,-55.24,44.37,-6.29
49798,-0.0620,0.1357,0.4512,-107.85,57.56,-27.22
49811,-0.1221,0.3228,0.3911,-127.38,84.23,-31.25
49824,-0.1562,0.2388,0.3516,-130.31,113.53,-16.42
49836,-0.2437,0.4106,0.4097,-68.18,140.99,-6.35
49849,-0.1855,-0.0903,1.8584,-410.46,100.89,-7.14
49862,-0.3921,-0.4556,1.4785,-376.95,26.06,-36.74
49875,-0.9380,-0.1885,4.9556,511.41,-197.57,-68.91
49887,-1.0049,-0.6465,-0.8945,26.79,-77.51,-138.43
49900,-0.6602,0.5425,0.8828,-105.65,0.92,-41.50
49913,-0.6997,0.2236,1.2129,21.61,62.74,17.76
49925,-0.5801,0.2295,1.6665,108.64,37.90,70.13
49938,-0.5508,-0.1089,1.1509,195.13,22.58,59.69
49951,-0.4072,-0.2021,1.5278,292.30,-34.61,41.44
49963,-0.2993,0.0703,1.0103,269.04,-48.89,33.69
49976,-0.2432,0.1006,0.9297,192.99,-71.11,42.24
49989,-0.2036,0.1538,0.8838,115.60,-87.89,54.75
50001,-0.2212,0.0288,0.5249,72.81,-87.95,47.12
50014,-0.1826,0.1172,0.3867,66.22,-57.56,35.46
50027,-0.1328,0.1724,0.4072,69.76,-24.29,28.56
50040,-0.1040,0.1152,0.5166,32.41,1.71,13.49
50052,-0.0630,0.1353,0.4741,-21.18,15.38,2.14
50065,-0.0386,0.0259,0.3896,-82.76,38.94,-16.24
50078,-0.0688,0.0576,0.2339,-101.20,63.84,-36.32
50090,-0.0923,0.1167,0.1626,-111.57,107.67,-35.89
50103,-0.2051,0.4424,0.0947,-61.46,151.86,-7.08
50116,-0.1665,0.0620,1.7393,-455.02,143.43,15.08
50128,-0.3779,-0.4771,1.6851,-442.99,52.80,-24.84
50141,-0.6992,0.4683,6.3491,40.77,-210.33,-21.30
50154,-1.1597,-0.0854,-0.1211,38.57,-57.31,-163.76
50166,-0.7671,0.8394,0.7656,-55.97,31.01,-20.08
50179,-0.6836,0.4438,1.7026,147.71,40.83,24.54
50192,-0.6040,-0.0908,1.4268,207.46,18.80,47.97
50205,-0.5986,-0.1758,0.8623,290.28,28.38,19.84
50217,-0.3218,-0.1797,1.6572,250.55,-44.31,40.34
50230,-0.3052,0.0405,1.2100,218.14,-100.28,32.59
50243,-0.2427,0.1616,0.6592,167.66,-118.47,50.78
50255,-0.1577,0.0415,0.5337,59.94,-111.82,67.32
50268,-0.1216,0.0049,0.2759,72.20,-98.75,55.05
50281,-0.0630,0.0684,0.0957,100.71,-52.55,38.02
50293,-0.0420,0.1177,0.1895,72.08,1.95,23.32
50306,-0.0020,0.1074,0.3599,14.65,33.75,3.17
50319,0.0327,0.0933,0.3140,-40.10,51.51,-16.24
50332,-0.0220,0.1094,0.3071,-51.64,60.91,-29.05
50344,-0.0923,0.0342,0.0166,-156.13,131.71,-51.03
50357,-0.2144,0.0317,0.3799,-180.85,177.86,-53.34
50370,-0.1846,-0.0698,0.5293,-418.09,203.00,-21.79
50382,-0.4785,-0.2632,1.9512,-424.19,115.30,-22.46
50395,-0.5786,-0.6138,1.7158,-332.52,4.39,-67.69
50408,-0.3540,-0.4160,-0.3145,-358.34,-177.55,-100.95
50420,-1.0093,0.3218,0.9521,73.24,-67.57,-179.14
50433,-0.7417,0.6602,0.9946,12.27,29.05,-42.30
50446,-0.7256,0.5527,1.7188,149.29,49.19,41.26
50458,-0.6592,-0.1929,1.2803,208.80,28.63,51.57
50471,-0.5825,0.0024,1.0352,347.17,22.22,19.41
50484,-0.3462,-0.1807,1.5869,285.03,-59.27,29.91
50497,-0.2598,-0.0234,1.0859,205.75,-96.56,27.89
50509,-0.1924,0.1963,0.8262,102.36,-122.68,58.41
50522,-0.2085,0.0903,0.3926,82.15,-106.87,71.23
50535,-0.1548,0.0747,0.1875,114.38,-62.50,65.67
50547,-0.1289,0.0605,0.2314,108.70,-13.43,51.94
50560,-0.0986,0.0493,0.4419,55.54,18.74,31.07
50573,-0.0610,0.0093,0.5962,-15.14,25.15,5.00
50585,-0.0146,0.0879,0.5112,-71.72,31.07,-12.88
50598,-0.0737,0.0640,0.2310,-122.44,65.73,-50.11
50611,-0.0996,0.3032,0.2095,-142.76,108.95,-35.34
50624,-0.1934,-0.0537,0.3032,-134.77,148.01,-45.35
50636,-0.2969,-0.6709,0.4482,-290.28,155.82,-49.07
50649,-0.3623,-0.2646,1.3608,-430.48,78.31,-35.58
50662,-0.5908,-0.5635,1.5396,-357.60,-115.48,-100.22
50674,-0.5420,-1.2490,-0.4463,-441.41,-167.91,-162.23
50687,-1.0332,0.6255,1.7109,30.88,-39.67,-114.87
50700,-0.7905,0.6196,1.3291,22.03,64.88,1.71
50712,-0.6880,0.5654,1.8062,160.71,41.99,72.08
50725,-0.6318,-0.2690,1.3394,195.13,48.03,63.23
50738,-0.5171,0.3872,0.9775,392.33,26.86,45.72
50750,-0.3218,-0.3574,1.4312,278.50,-73.97,24.35
50763,-0.1924,-0.0469,0.9136,179.93,-116.39,31.07
50776,-0.1470,0.1987,0.5415,71.78,-112.24,59.08
50789,-0.1328,0.1465,0.3042,63.78,-90.52,65.61
50801,-0.1348,0.0571,0.1187,94.54,-39.18,49.68
50814,-0.1196,0.0425,0.2012,78.00,0.18,25.02
50827,-0.0728,0.1230,0.4102,18.31,35.46,5.49
50839,-0.0527,0.0151,0.5483,-40.47,44.56,-19.04
50852,-0.0664,0.2334,0.4102,-116.88,59.94,-31.25
50865,-0.0996,0.2163,0.2563,-136.66,92.41,-27.10
50877,-0.1846,-0.0996,0.2451,-137.33,134.28,-43.88
50890,-0.3320,-0.4536,0.3496,-313.72,149.60,-35.03
50903,-0.3911,-0.1504,1.4229,-395.94,80.51,-23.86
50916,-0.3286,-0.3613,2.3711,-112.85,-87.89,-159.91
50928,-0.8540,-1.3818,-1.4229,-206.85,-184.81,-176.27
50941,-1.1172,0.7837,1.6821,-12.63,-29.85,-78.61
50954,-0.7783,0.3398,1.6353,44.92,64.33,11.84
50966,-0.6958,0.4072,1.5791,205.93,32.53,61.95
50979,-0.6274,-0.3721,1.1396,224.18,34.48,34.97
50992,-0.4883,0.3843,1.6904,386.29,3.54,38.39
51004,-0.3853,-0.0737,1.1313,305.73,-89.72,10.93
51017,-0.2266,0.1460,0.8936,157.90,-120.79,32.10
51030,-0.1743,0.2051,0.5508,75.44,-126.53,55.73
51042,-0.1333,0.1504,0.1924,98.45,-104.74,64.70
51055,-0.0894,0.0557,0.0801,122.56,-56.64,57.50
51068,-0.0513,-0.0049,0.1152,67.57,-4.88,36.50
51081,-0.0352,0.0068,0.3091,-3.66,35.40,4.15
51093,0.0264,0.2065,0.4146,-55.05,48.16,-10.31
51106,-0.0171,-0.0596,0.2368,-112.67,67.99,-44.37
51119,-0.0850,0.2295,0.0361,-145.57,121.89,-35.10
51131,-0.1812,-0.0557,0.3232,-153.99,173.28,-34.12
51144,-0.0854,-0.5693,0.3838,-373.41,191.22,-16.78
51157,-0.4243,-0.4888,1.8218,-473.82,101.07,-20.94
51169,-0.3735,-0.5254,6.9175,518.19,-263.31,-154.60
51182,-0.7812,-1.5537,-0.9922,65.73,-166.20,-215.52
51195,-1.0508,0.7515,1.2490,-93.81,-60.73,-130.62
51208,-0.7925,0.9307,1.3550,42.05,82.52,-12.88
51220,-0.7017,0.6836,1.8359,172.97,67.26,70.80
51233,-0.6118,-0.1606,1.3242,218.44,48.03,77.58
51246,-0.5112,-0.3589,0.8506,369.75,59.75,1.95
51258,-0.2710,-0.0005,1.5381,367.68,-63.66,16.85
51271,-0.2095,-0.0259,0.7129,172.30,-116.33,23.01
51284,-0.1528,0.3398,0.3784,96.44,-89.05,58.72
51296,-0.1709,0.1382,0.5132,14.40,-78.00,73.12
51309,-0.1982,0.0269,0.3071,50.48,-48.77,51.27
51322,-0.1621,0.1514,0.3008,77.03,0.24,34.73
51334,-0.1191,0.2051,0.5776,51.94,26.67,22.64
51347,-0.1245,0.1875,0.7280,-1.40,32.47,15.99
51360,-0.0918,0.0737,0.7266,-47.91,25.63,0.00
51373,-0.0640,0.1909,0.4219,-70.43,31.37,-15.81
51385,-0.1089,-0.1406,0.3457,-125.98,67.14,-38.64
51398,-0.1504,0.0112,0.3979,-141.24,105.90,-52.73
51411,-0.0991,0.5996,0.7959,-343.26,140.26,3.23
51423,-0.1514,0.1836,1.6826,-510.99,104.61,15.87
51436,-0.4448,-0.3022,1.5684,-415.53,26.43,-14.16
51449,-1.3306,-0.1030,6.5469,-276.79,-230.22,-48.71
51461,-0.8843,-0.8242,-0.9121,63.42,-108.89,-188.48
51474,-0.7896,0.5830,1.4419,-79.35,-58.29,-119.51
51487,-0.5400,0.6035,0.9863,40.04,54.81,-44.19
51500,-0.2124,0.1519,1.1831,26.12,54.93,18.55
51512,-0.3853,-0.4941,0.7207,2.44,87.10,16.48
51525,-0.2905,-0.0547,0.8032,65.80,143.31,40.41
51538,-0.2734,-0.0483,1.6992,4.46,-41.32,-14.40
51550,-0.4351,-0.0586,0.7866,51.45,-97.05,-35.83
51563,-0.3232,0.2075,0.3477,37.78,9.83,11.60
51576,-0.3105,-0.1040,0.7183,-6.23,48.40,20.87
51588,-0.3052,-0.0303,0.9878,-48.40,-2.75,-4.70
51601,-0.2603,-0.0234,0.8604,-69.15,-19.90,-13.92
51614,-0.2915,-0.0635,0.8359,-71.53,1.65,-3.54
51626,-0.3818,-0.1504,0.9897,-65.61,18.01,0.98
51639,-0.6064,-0.3726,1.7690,58.35,-24.35,-4.70
51652,-0.3003,-0.0513,0.8076,13.06,-12.51,5.55
51665,-0.3228,-0.1475,0.9116,12.51,17.94,9.34
51677,-0.3618,-0.1455,1.0356,27.40,3.36,1.71
51690,-0.3369,-0.1025,0.9185,23.93,-16.36,-4.27
51703,-0.3208,-0.0693,0.8057,19.23,-3.91,1.77
51715,-0.3379,-0.0791,0.8667,6.90,6.59,3.42
51728,-0.3398,-0.0889,0.9033,-7.93,-1.71,-1.53
51741,-0.3198,-0.0830,0.8730,-16.42,-3.66,-1.89
51753,-0.3208,-0.0977,0.8994,-21.00,3.60,0.55
51766,-0.3447,-0.1240,0.9580,-21.73,2.56,-0.67
51779,-0.3594,-0.1362,0.9644,-17.58,-2.32,-1.95
51791,-0.3569,-0.1357,0.9556,-9.89,-1.16,-0.67
51804,-0.3555,-0.1362,0.9653,-1.83,0.49,0.92
51817,-0.3555,-0.1353,0.9629,5.19,-1.89,0.55
51830,-0.3447,-0.1230,0.9336,9.70,-3.05,0.37
51842,-0.3403,-0.1143,0.9150,9.89,-1.34,1.10
51855,-0.3389,-0.1074,0.9077,6.71,-1.34,0.79
51868,-0.3340,-0.0991,0.8994,1.65,-1.59,0.18
51880,-0.3306,-0.1011,0.8984,-3.72,-0.67,0.06
51893,-0.3340,-0.1074,0.9102,-7.93,-0.18,-0.12
51906,-0.3433,-0.1162,0.9238,-10.13,-0.37,-0.37
51918,-0.3442,-0.1245,0.9307,-9.95,-0.18,-0.18
51931,-0.3433,-0.1289,0.9434,-7.51,-0.31,0.06
51944,-0.3467,-0.1279,0.9487,-3.97,-0.79,0.18
51957,-0.3452,-0.1274,0.9443,-0.12,-1.34,0.24
51969,-0.3462,-0.1250,0.9355,2.69,-1.34,0.43
51982,-0.3433,-0.1206,0.9282,3.60,-1.34,0.49
51995,-0.3423,-0.1157,0.9180,2.69,-1.28,0.43
52007,-0.3369,-0.1138,0.9141,0.85,-1.04,0.31
52020,-0.3350,-0.1152,0.9146,-1.46,-0.79,0.18
52033,-0.3354,-0.1167,0.9175,-3.60,-0.79,0.06
52045,-0.3379,-0.1230,0.9199,-4.94,-0.73,-0.06
52058,-0.3413,-0.1245,0.9272,-5.13,-0.61,0.06
52071,-0.3433,-0.1240,0.9326,-4.46,-0.61,0.06
52083,-0.3442,-0.1235,0.9360,-2.93,-0.79,0.18
52096,-0.3433,-0.1240,0.9341,-1.22,-0.92,0.31
52109,-0.3438,-0.1235,0.9355,0.18,-1.10,0.37
52122,-0.3438,-0.1270,0.9292,0.67,-1.04,0.37
52134,-0.3423,-0.1260,0.9229,0.61,-1.10,0.24
52147,-0.3374,-0.1270,0.9189,-0.31,-0.85,0.43
52160,-0.3379,-0.1226,0.9185,-1.34,-0.92,0.31
52172,-0.3374,-0.1240,0.9224,-2.14,-0.85,0.18
52185,-0.3384,-0.1226,0.9238,-2.81,-0.92,0.18
52198,-0.3403,-0.1230,0.9268,-2.99,-0.79,0.12
52210,-0.3423,-0.1255,0.9287,-2.56,-0.85,0.12
52223,-0.3447,-0.1255,0.9292,-2.14,-0.79,0.24
52236,-0.3433,-0.1250,0.9297,-1.28,-1.10,0.24
52249,-0.3418,-0.1289,0.9277,-0.85,-0.85,0.31
52261,-0.3398,-0.1284,0.9253,-0.61,-0.98,0.31
52274,-0.3433,-0.1270,0.9248,-0.79,-0.85,0.37
52287,-0.3418,-0.1265,0.9248,-0.85,-0.92,0.18
52299,-0.3403,-0.1250,0.9233,-1.10,-0.73,0.37
52312,-0.3398,-0.1230,0.9248,-1.59,-0.85,0.24
52325,-0.3379,-0.1255,0.9277,-1.83,-0.79,0.24
52337,-0.3389,-0.1255,0.9253,-1.83,-0.92,0.12
52350,-0.3423,-0.1289,0.9263,-1.65,-0.85,0.12
52363,-0.3442,-0.1299,0.9258,-1.53,-0.98,0.31
52375,-0.3428,-0.1274,0.9248,-1.65,-0.73,0.18
52388,-0.3413,-0.1265,0.9263,-1.34,-0.98,0.31
52401,-0.3403,-0.1284,0.9253,-1.16,-0.85,0.24
52414,-0.3438,-0.1289,0.9268,-1.10,-0.92,0.24
52426,-0.3413,-0.1284,0.9263,-0.98,-0.98,0.18
52439,-0.3384,-0.1289,0.9263,-1.10,-0.92,0.24
52452,-0.3369,-0.1299,0.9268,-0.49,-0.98,0.18
52464,-0.3403,-0.1304,0.9233,-0.67,-1.10,0.18
52477,-0.3438,-0.1304,0.9272,-0.92,-0.98,0.24
52490,-0.3413,-0.1279,0.9253,-0.85,-0.79,0.24
52502,-0.3418,-0.1270,0.9253,-0.67,-0.85,0.18
52515,-0.3389,-0.1284,0.9229,-0.79,-0.98,0.24
52528,-0.3398,-0.1279,0.9268,-0.92,-0.92,0.31
52541,-0.3389,-0.1289,0.9243,-0.98,-0.92,0.24
52553,-0.3394,-0.1270,0.9243,-0.85,-0.85,0.31
52566,-0.3398,-0.1304,0.9233,-0.67,-0.98,0.24
52579,-0.3413,-0.1289,0.9238,-0.92,-1.04,0.24
52591,-0.3428,-0.1304,0.9243,-0.79,-0.85,0.31
52604,-0.3442,-0.1289,0.9258,-0.79,-0.85,0.31
52617,-0.3418,-0.1313,0.9282,-0.79,-0.85,0.24
52629,-0.3394,-0.1284,0.9253,-0.73,-0.92,0.31
52642,-0.3379,-0.1299,0.9258,-0.92,-1.04,0.24
52655,-0.3379,-0.1289,0.9233,-0.92,-0.98,0.24
52667,-0.3418,-0.1289,0.9238,-0.79,-0.92,0.24
52680,-0.3408,-0.1309,0.9248,-0.73,-0.85,0.24
52693,-0.3384,-0.1338,0.9238,-0.73,-1.04,0.18
52706,-0.3423,-0.1304,0.9272,-0.85,-0.98,0.31
52718,-0.3403,-0.1289,0.9263,-0.73,-0.92,0.37
52731,-0.3384,-0.1265,0.9253,-0.79,-0.79,0.37
52744,-0.3403,-0.1279,0.9268,-0.73,-0.92,0.31
52756,-0.3379,-0.1289,0.9243,-0.98,-0.85,0.18
52769,-0.3384,-0.1309,0.9268,-0.79,-1.04,0.18
52782,-0.3408,-0.1299,0.9253,-0.79,-0.85,0.37
52794,-0.3398,-0.1289,0.9233,-0.73,-0.85,0.24
52807,-0.3413,-0.1294,0.9263,-0.73,-0.92,0.24
52820,-0.3389,-0.1304,0.9243,-0.73,-0.85,0.31
52833,-0.3408,-0.1309,0.9243,-0.79,-0.92,0.18
52845,-0.3408,-0.1289,0.9238,-0.79,-0.92,0.31
52858,-0.3403,-0.1270,0.9248,-0.85,-0.85,0.43
52871,-0.3350,-0.1284,0.9272,-0.24,-0.79,0.18
52883,-0.3369,-0.1299,0.9229,-0.55,-0.85,0.37
52896,-0.3374,-0.1304,0.9243,-0.73,-0.92,0.18
52909,-0.3403,-0.1289,0.9253,-0.85,-0.85,0.24
52921,-0.3398,-0.1309,0.9253,-0.73,-0.92,0.18
52934,-0.3398,-0.1304,0.9214,-0.55,-0.98,0.18
52947,-0.3413,-0.1284,0.9248,-0.49,-0.98,0.37
52959,-0.3384,-0.1309,0.9258,-0.85,-0.79,0.31
52972,-0.3389,-0.1289,0.9258,-0.79,-0.92,0.37
52985,-0.3398,-0.1338,0.9263,-0.92,-0.92,0.24
52998,-0.3472,-0.1333,0.9268,-0.73,-1.16,0.18
53010,-0.3398,-0.1294,0.9268,-0.31,-0.98,0.37
53023,-0.3384,-0.1255,0.9263,-0.79,-0.92,0.37
53036,-0.3379,-0.1270,0.9307,-1.40,-0.85,0.37
53048,-0.3418,-0.1309,0.9268,-0.67,-1.04,0.24
53061,-0.3408,-0.1348,0.9199,-15.62,-0.92,0.18
53074,-0.3423,-0.1367,0.9150,15.38,-1.04,0.18
53086,-0.3379,-0.1284,0.9214,-0.73,-0.98,0.31
53099,-0.3379,-0.1245,0.9287,-0.67,-1.04,0.31
53112,-0.3379,-0.1230,0.9263,-0.61,-0.73,0.31
53125,-0.3369,-0.1270,0.9238,-0.73,-0.85,0.31
53137,-0.3384,-0.1318,0.9243,-0.85,-0.79,0.12
53150,-0.3389,-0.1362,0.9243,-0.98,-1.04,0.18
53163,-0.3433,-0.1372,0.9238,-1.28,-1.04,0.31
53175,-0.3374,-0.1304,0.9292,-0.55,-0.85,0.37
53188,-0.3379,-0.1274,0.9243,-0.49,-0.67,0.37
53201,-0.3369,-0.1235,0.9272,-0.98,-0.98,0.24
53213,-0.3369,-0.1255,0.9277,-1.22,-0.79,0.37
53226,-0.3408,-0.1323,0.9277,-0.92,-0.67,0.43
53239,-0.3413,-0.1343,0.9224,-0.73,-0.79,0.31
